{"cameraMode":{"drawMode":0,"name":"Shaded","section":"Shading Mode"},"sceneLighting":true,"audioPlay":false,"sceneViewState":{"m_AlwaysRefresh":false,"showFog":true,"showSkybox":true,"showFlares":true,"showImageEffects":true,"showParticleSystems":true,"showVisualEffectGraphs":true,"m_FxEnabled":true},"in2DMode":false,"pivot":{"x":-17.199996948242189,"y":2.6999998092651369,"z":-13.400005340576172},"rotation":{"x":0.21722382307052613,"y":0.4595959484577179,"z":-0.11701446026563645,"w":0.85316401720047},"size":2.0632214546203615,"orthographic":true}